{
    "total_reward": 10599.891365766525,
    "final_balance": 19.564748613082884,
    "mfe": 3.0,
    "mae": 2.0,
    "sharpe_ratio": 0.9142037857413134,
    "sortino_ratio": 0.7674263976076662,
    "max_drawdown": 0.047619047619047616,
    "step_rewards": [
        10146.595703125,
        10216.79778289795,
        10287.643463134766,
        10358.489143371582,
        9981.210182189941,
        10131.932136535645,
        10207.293113708496,
        10303.28508758545,
        10401.6460647583,
        10065.82721710205,
        10213.61450958252,
        10224.40113735199,
        10241.064930915833,
        10257.728724479675,
        10174.409754753113,
        10207.737341880798,
        10244.945609092712,
        10332.472479820251,
        10324.623190879822,
        10316.350797653198,
        10319.659754991531,
        10401.400431871414,
        10499.48668217659,
        10493.045903921127,
        10475.623992681503,
        10671.210616827011,
        10660.729408979416,
        10734.239777326584,
        10816.191132307053,
        10299.229340314865,
        10505.132050275803,
        10608.083405256271,
        10601.786022901535,
        10629.604099988937,
        10476.635273694992,
        10537.82280421257,
        10591.052067518234,
        10646.852398633957,
        10704.85583949089,
        10413.560032606125,
        10530.078350782394,
        10598.206265211105,
        10667.45512843132,
        10736.703991651535,
        10247.650128126144,
        10304.634323835373,
        10398.36133646965,
        10499.126351118088,
        10599.891365766525,
        10096.066292524338,
        10297.596321821213,
        10398.36133646965,
        10499.126351118088,
        10599.891365766525
    ],
    "step_prices": [
        102.0,
        103.0,
        104.0,
        105.0,
        100.0,
        102.0,
        103.0,
        104.0,
        105.0,
        100.0,
        102.0,
        103.0,
        104.0,
        105.0,
        100.0,
        102.0,
        103.0,
        104.0,
        105.0,
        100.0,
        102.0,
        103.0,
        104.0,
        105.0,
        100.0,
        102.0,
        103.0,
        104.0,
        105.0,
        100.0,
        102.0,
        103.0,
        104.0,
        105.0,
        100.0,
        102.0,
        103.0,
        104.0,
        105.0,
        100.0,
        102.0,
        103.0,
        104.0,
        105.0,
        100.0,
        102.0,
        103.0,
        104.0,
        105.0,
        100.0,
        102.0,
        103.0,
        104.0,
        105.0
    ]
}